,precision,recall,f1_score
LogisticRegression,0.3921394799054374,0.23404255319148937,0.2364190618389946
RandomForest,0.48243534463227683,0.574468085106383,0.49608028400210485
SVM,0.2889587362991618,0.2872340425531915,0.25852077001013174
